<?xml version="1.0" encoding="UTF-8"?><unload unload_date="2020-06-15 17:36:16">
<sys_remote_update_set action="INSERT_OR_UPDATE">
<application display_value="Global">global</application>
<application_name>Global</application_name>
<application_scope>global</application_scope>
<application_version/>
<collisions/>
<commit_date/>
<deleted/>
<description>Log print requests from the transaction log to our own log to review/analyze/print/notify.</description>
<inserted/>
<name>Print Logger v1.0</name>
<origin_sys_id/>
<parent display_value=""/>
<release_date/>
<remote_base_update_set display_value=""/>
<remote_parent_id/>
<remote_sys_id>1957ca2bdb591410d5cc61ca0b961938</remote_sys_id>
<state>loaded</state>
<summary/>
<sys_class_name>sys_remote_update_set</sys_class_name>
<sys_created_by>chuck.tomasi</sys_created_by>
<sys_created_on>2020-06-15 17:36:16</sys_created_on>
<sys_id>1f7b4aebdb591410d5cc61ca0b961927</sys_id>
<sys_mod_count>0</sys_mod_count>
<sys_updated_by>chuck.tomasi</sys_updated_by>
<sys_updated_on>2020-06-15 17:36:16</sys_updated_on>
<update_set display_value=""/>
<update_source display_value=""/>
<updated/>
</sys_remote_update_set>
<sys_update_xml action="INSERT_OR_UPDATE">
<action>INSERT_OR_UPDATE</action>
<application display_value="Global">global</application>
<category>customer</category>
<comments/>
<name>sys_documentation_u_print_log_u_user_en</name>
<payload><![CDATA[<?xml version="1.0" encoding="UTF-8"?><record_update><sys_documentation element="u_user" label="User" language="en" table="u_print_log"><sys_documentation action="INSERT_OR_UPDATE"><element>u_user</element><help/><hint/><label>User</label><language>en</language><name>u_print_log</name><plural>Users</plural><sys_class_name>sys_documentation</sys_class_name><sys_created_by>chuck.tomasi</sys_created_by><sys_created_on>2020-06-15 17:20:11</sys_created_on><sys_id>7fc7426bdb591410d5cc61ca0b96192e</sys_id><sys_mod_count>0</sys_mod_count><sys_name>User</sys_name><sys_package display_value="Global" source="global">global</sys_package><sys_policy/><sys_scope display_value="Global">global</sys_scope><sys_update_name>sys_documentation_u_print_log_u_user_en</sys_update_name><sys_updated_by>chuck.tomasi</sys_updated_by><sys_updated_on>2020-06-15 17:20:11</sys_updated_on><url/><url_target/></sys_documentation></sys_documentation></record_update>]]></payload>
<payload_hash>-1310513061</payload_hash>
<remote_update_set display_value="Print Logger v1.0">1f7b4aebdb591410d5cc61ca0b961927</remote_update_set>
<replace_on_upgrade>false</replace_on_upgrade>
<sys_created_by>chuck.tomasi</sys_created_by>
<sys_created_on>2020-06-15 17:36:16</sys_created_on>
<sys_id>237b4aebdb591410d5cc61ca0b96192b</sys_id>
<sys_mod_count>0</sys_mod_count>
<sys_recorded_at>172b8fee5350000001</sys_recorded_at>
<sys_updated_by>chuck.tomasi</sys_updated_by>
<sys_updated_on>2020-06-15 17:36:16</sys_updated_on>
<table>u_print_log</table>
<target_name>Print log.User</target_name>
<type>Field Label</type>
<update_domain>global</update_domain>
<update_guid>8cd7426b98591410e2b52bdbf8e6df40</update_guid>
<update_guid_history>8cd7426b98591410e2b52bdbf8e6df40:-1310513061</update_guid_history>
<update_set display_value=""/>
<view/>
</sys_update_xml>
<sys_update_xml action="INSERT_OR_UPDATE">
<action>INSERT_OR_UPDATE</action>
<application display_value="Global">global</application>
<category>customer</category>
<comments/>
<name>sys_documentation_u_print_log_u_number_en</name>
<payload><![CDATA[<?xml version="1.0" encoding="UTF-8"?><record_update><sys_documentation element="u_number" label="Number" language="en" table="u_print_log"><sys_documentation action="INSERT_OR_UPDATE"><element>u_number</element><help/><hint/><label>Number</label><language>en</language><name>u_print_log</name><plural>Numbers</plural><sys_class_name>sys_documentation</sys_class_name><sys_created_by>chuck.tomasi</sys_created_by><sys_created_on>2020-06-15 17:20:12</sys_created_on><sys_id>0cd7426bdb591410d5cc61ca0b96194f</sys_id><sys_mod_count>0</sys_mod_count><sys_name>Number</sys_name><sys_package display_value="Global" source="global">global</sys_package><sys_policy/><sys_scope display_value="Global">global</sys_scope><sys_update_name>sys_documentation_u_print_log_u_number_en</sys_update_name><sys_updated_by>chuck.tomasi</sys_updated_by><sys_updated_on>2020-06-15 17:20:12</sys_updated_on><url/><url_target/></sys_documentation></sys_documentation></record_update>]]></payload>
<payload_hash>-1789915233</payload_hash>
<remote_update_set display_value="Print Logger v1.0">1f7b4aebdb591410d5cc61ca0b961927</remote_update_set>
<replace_on_upgrade>false</replace_on_upgrade>
<sys_created_by>chuck.tomasi</sys_created_by>
<sys_created_on>2020-06-15 17:36:16</sys_created_on>
<sys_id>277b4aebdb591410d5cc61ca0b96192a</sys_id>
<sys_mod_count>0</sys_mod_count>
<sys_recorded_at>172b8fee6d80000001</sys_recorded_at>
<sys_updated_by>chuck.tomasi</sys_updated_by>
<sys_updated_on>2020-06-15 17:36:16</sys_updated_on>
<table>u_print_log</table>
<target_name>Print log.Number</target_name>
<type>Field Label</type>
<update_domain>global</update_domain>
<update_guid>c8d7426b52591410250840e9228f6a57</update_guid>
<update_guid_history>c8d7426b52591410250840e9228f6a57:-1789915233</update_guid_history>
<update_set display_value=""/>
<view/>
</sys_update_xml>
<sys_update_xml action="INSERT_OR_UPDATE">
<action>INSERT_OR_UPDATE</action>
<application display_value="Global">global</application>
<category>customer</category>
<comments/>
<name>sys_ui_module_27c7026bdb591410d5cc61ca0b9619e3</name>
<payload><![CDATA[<?xml version="1.0" encoding="UTF-8"?><record_update sys_domain="global" table="sys_ui_module"><sys_ui_module action="INSERT_OR_UPDATE"><active>true</active><application display_value="Print log">67c7026bdb591410d5cc61ca0b9619e0</application><filter/><name>Print logs</name><order/><path/><path_relative_to_root>false</path_relative_to_root><roles>admin</roles><sys_class_name>sys_ui_module</sys_class_name><sys_created_by>chuck.tomasi</sys_created_by><sys_created_on>2020-06-15 17:20:10</sys_created_on><sys_domain>global</sys_domain><sys_domain_path>/</sys_domain_path><sys_id>27c7026bdb591410d5cc61ca0b9619e3</sys_id><sys_mod_count>0</sys_mod_count><sys_name>Print logs</sys_name><sys_package display_value="Global" source="global">global</sys_package><sys_policy/><sys_scope display_value="Global">global</sys_scope><sys_update_name>sys_ui_module_27c7026bdb591410d5cc61ca0b9619e3</sys_update_name><sys_updated_by>chuck.tomasi</sys_updated_by><sys_updated_on>2020-06-15 17:20:10</sys_updated_on><table>u_print_log</table><uncancelable>false</uncancelable><view_name/></sys_ui_module></record_update>]]></payload>
<payload_hash>1301710180</payload_hash>
<remote_update_set display_value="Print Logger v1.0">1f7b4aebdb591410d5cc61ca0b961927</remote_update_set>
<replace_on_upgrade>false</replace_on_upgrade>
<sys_created_by>chuck.tomasi</sys_created_by>
<sys_created_on>2020-06-15 17:36:16</sys_created_on>
<sys_id>277b4aebdb591410d5cc61ca0b96192d</sys_id>
<sys_mod_count>0</sys_mod_count>
<sys_recorded_at>172b8fee0ce0000001</sys_recorded_at>
<sys_updated_by>chuck.tomasi</sys_updated_by>
<sys_updated_on>2020-06-15 17:36:16</sys_updated_on>
<table>u_print_log</table>
<target_name>Print logs</target_name>
<type>Module</type>
<update_domain>global</update_domain>
<update_guid>6bc7026b3659141073b52efe54093ce5</update_guid>
<update_guid_history>6bc7026b3659141073b52efe54093ce5:1301710180</update_guid_history>
<update_set display_value=""/>
<view/>
</sys_update_xml>
<sys_update_xml action="INSERT_OR_UPDATE">
<action>INSERT_OR_UPDATE</action>
<application display_value="Global">global</application>
<category>customer</category>
<comments/>
<name>sys_dictionary_u_print_log_u_table</name>
<payload>&lt;?xml version="1.0" encoding="UTF-8"?&gt;&lt;record_update&gt;&lt;sys_dictionary action="INSERT_OR_UPDATE" element="u_table" table="u_print_log"&gt;&lt;active&gt;true&lt;/active&gt;&lt;array&gt;false&lt;/array&gt;&lt;array_denormalized&gt;false&lt;/array_denormalized&gt;&lt;attributes/&gt;&lt;audit&gt;false&lt;/audit&gt;&lt;calculation&gt;&lt;![CDATA[(function calculatedFieldValue(current) {

	// Add your code here
	return '';  // return the calculated value

})(current);]]&gt;&lt;/calculation&gt;&lt;choice/&gt;&lt;choice_field/&gt;&lt;choice_table/&gt;&lt;column_label&gt;Table&lt;/column_label&gt;&lt;comments/&gt;&lt;create_roles/&gt;&lt;default_value/&gt;&lt;defaultsort/&gt;&lt;delete_roles/&gt;&lt;dependent/&gt;&lt;dependent_on_field/&gt;&lt;display&gt;false&lt;/display&gt;&lt;dynamic_creation&gt;false&lt;/dynamic_creation&gt;&lt;dynamic_creation_script/&gt;&lt;dynamic_default_value/&gt;&lt;dynamic_ref_qual/&gt;&lt;element&gt;u_table&lt;/element&gt;&lt;element_reference&gt;false&lt;/element_reference&gt;&lt;foreign_database/&gt;&lt;function_definition/&gt;&lt;function_field&gt;false&lt;/function_field&gt;&lt;internal_type display_value=""&gt;table_name&lt;/internal_type&gt;&lt;mandatory&gt;false&lt;/mandatory&gt;&lt;max_length&gt;80&lt;/max_length&gt;&lt;name&gt;u_print_log&lt;/name&gt;&lt;next_element/&gt;&lt;primary&gt;false&lt;/primary&gt;&lt;read_only&gt;false&lt;/read_only&gt;&lt;read_roles/&gt;&lt;reference/&gt;&lt;reference_cascade_rule/&gt;&lt;reference_floats&gt;false&lt;/reference_floats&gt;&lt;reference_key/&gt;&lt;reference_qual/&gt;&lt;reference_qual_condition/&gt;&lt;reference_type/&gt;&lt;sizeclass/&gt;&lt;spell_check&gt;false&lt;/spell_check&gt;&lt;staged&gt;false&lt;/staged&gt;&lt;sys_class_name&gt;sys_dictionary&lt;/sys_class_name&gt;&lt;sys_created_by&gt;chuck.tomasi&lt;/sys_created_by&gt;&lt;sys_created_on&gt;2020-06-15 17:20:10&lt;/sys_created_on&gt;&lt;sys_id&gt;a4870ea7db591410d5cc61ca0b961950&lt;/sys_id&gt;&lt;sys_mod_count&gt;0&lt;/sys_mod_count&gt;&lt;sys_name&gt;Table&lt;/sys_name&gt;&lt;sys_package display_value="Global" source="global"&gt;global&lt;/sys_package&gt;&lt;sys_policy/&gt;&lt;sys_scope display_value="Global"&gt;global&lt;/sys_scope&gt;&lt;sys_update_name&gt;sys_dictionary_u_print_log_u_table&lt;/sys_update_name&gt;&lt;sys_updated_by&gt;chuck.tomasi&lt;/sys_updated_by&gt;&lt;sys_updated_on&gt;2020-06-15 17:20:10&lt;/sys_updated_on&gt;&lt;table_reference&gt;false&lt;/table_reference&gt;&lt;text_index&gt;false&lt;/text_index&gt;&lt;unique&gt;false&lt;/unique&gt;&lt;use_dependent_field&gt;false&lt;/use_dependent_field&gt;&lt;use_dynamic_default&gt;false&lt;/use_dynamic_default&gt;&lt;use_reference_qualifier&gt;simple&lt;/use_reference_qualifier&gt;&lt;virtual&gt;false&lt;/virtual&gt;&lt;widget/&gt;&lt;write_roles/&gt;&lt;xml_view&gt;false&lt;/xml_view&gt;&lt;/sys_dictionary&gt;&lt;/record_update&gt;</payload>
<payload_hash>-1560147537</payload_hash>
<remote_update_set display_value="Print Logger v1.0">1f7b4aebdb591410d5cc61ca0b961927</remote_update_set>
<replace_on_upgrade>false</replace_on_upgrade>
<sys_created_by>chuck.tomasi</sys_created_by>
<sys_created_on>2020-06-15 17:36:16</sys_created_on>
<sys_id>2b7b4aebdb591410d5cc61ca0b961929</sys_id>
<sys_mod_count>0</sys_mod_count>
<sys_recorded_at>172b8fede8b0000001</sys_recorded_at>
<sys_updated_by>chuck.tomasi</sys_updated_by>
<sys_updated_on>2020-06-15 17:36:16</sys_updated_on>
<table>u_print_log</table>
<target_name>u_print_log.u_table</target_name>
<type>Dictionary</type>
<update_domain>global</update_domain>
<update_guid>a7c7c62be059141033fd70877597f077</update_guid>
<update_guid_history>a7c7c62be059141033fd70877597f077:-1560147537</update_guid_history>
<update_set display_value=""/>
<view/>
</sys_update_xml>
<sys_update_xml action="INSERT_OR_UPDATE">
<action>INSERT_OR_UPDATE</action>
<application display_value="Global">global</application>
<category>customer</category>
<comments/>
<name>sys_security_acl_role_3bc7426bdb591410d5cc61ca0b96190d</name>
<payload><![CDATA[<?xml version="1.0" encoding="UTF-8"?><record_update table="sys_security_acl_role"><sys_security_acl_role action="INSERT_OR_UPDATE"><sys_class_name>sys_security_acl_role</sys_class_name><sys_created_by>chuck.tomasi</sys_created_by><sys_created_on>2020-06-15 17:20:11</sys_created_on><sys_id>3bc7426bdb591410d5cc61ca0b96190d</sys_id><sys_mod_count>0</sys_mod_count><sys_name>u_print_log.admin</sys_name><sys_package display_value="Global" source="global">global</sys_package><sys_policy/><sys_scope display_value="Global">global</sys_scope><sys_security_acl display_value="u_print_log">77c7426bdb591410d5cc61ca0b961909</sys_security_acl><sys_update_name>sys_security_acl_role_3bc7426bdb591410d5cc61ca0b96190d</sys_update_name><sys_updated_by>chuck.tomasi</sys_updated_by><sys_updated_on>2020-06-15 17:20:11</sys_updated_on><sys_user_role display_value="admin" name="admin">2831a114c611228501d4ea6c309d626d</sys_user_role><transaction_id/></sys_security_acl_role></record_update>]]></payload>
<payload_hash>-390563768</payload_hash>
<remote_update_set display_value="Print Logger v1.0">1f7b4aebdb591410d5cc61ca0b961927</remote_update_set>
<replace_on_upgrade>false</replace_on_upgrade>
<sys_created_by>chuck.tomasi</sys_created_by>
<sys_created_on>2020-06-15 17:36:16</sys_created_on>
<sys_id>2b7b4aebdb591410d5cc61ca0b96192c</sys_id>
<sys_mod_count>0</sys_mod_count>
<sys_recorded_at>172b8fee1ee0000001</sys_recorded_at>
<sys_updated_by>chuck.tomasi</sys_updated_by>
<sys_updated_on>2020-06-15 17:36:16</sys_updated_on>
<table>u_print_log</table>
<target_name>u_print_log.admin</target_name>
<type>Access Roles</type>
<update_domain>global</update_domain>
<update_guid>fbc7426be6591410d0f777632525be10</update_guid>
<update_guid_history>fbc7426be6591410d0f777632525be10:-390563768</update_guid_history>
<update_set display_value=""/>
<view/>
</sys_update_xml>
<sys_update_xml action="INSERT_OR_UPDATE">
<action>INSERT_OR_UPDATE</action>
<application display_value="Global">global</application>
<category>customer</category>
<comments/>
<name>sys_app_module_ebc7026bdb591410d5cc61ca0b9619dd</name>
<payload><![CDATA[<?xml version="1.0" encoding="UTF-8"?><record_update sys_domain="global" table="sys_app_module"><sys_app_module action="INSERT_OR_UPDATE"><active>true</active><application display_value="Print log">63c7026bdb591410d5cc61ca0b9619db</application><assessment/><device_type/><filter/><hint/><homepage/><image/><link_type>LIST</link_type><map_page/><mobile_title>Print logs</mobile_title><mobile_view_name>Mobile</mobile_view_name><name>u_print_log</name><order/><override_menu_roles>false</override_menu_roles><query/><report/><roles>admin</roles><sys_class_name>sys_app_module</sys_class_name><sys_created_by>chuck.tomasi</sys_created_by><sys_created_on>2020-06-15 17:20:10</sys_created_on><sys_domain>global</sys_domain><sys_domain_path>/</sys_domain_path><sys_id>ebc7026bdb591410d5cc61ca0b9619dd</sys_id><sys_mod_count>0</sys_mod_count><sys_name>Print logs</sys_name><sys_overrides/><sys_package display_value="Global" source="global">global</sys_package><sys_policy/><sys_scope display_value="Global">global</sys_scope><sys_update_name>sys_app_module_ebc7026bdb591410d5cc61ca0b9619dd</sys_update_name><sys_updated_by>chuck.tomasi</sys_updated_by><sys_updated_on>2020-06-15 17:20:10</sys_updated_on><timeline_page/><title>Print logs</title><uncancelable>false</uncancelable><view_name/><window_name/></sys_app_module></record_update>]]></payload>
<payload_hash>948561128</payload_hash>
<remote_update_set display_value="Print Logger v1.0">1f7b4aebdb591410d5cc61ca0b961927</remote_update_set>
<replace_on_upgrade>false</replace_on_upgrade>
<sys_created_by>chuck.tomasi</sys_created_by>
<sys_created_on>2020-06-15 17:36:16</sys_created_on>
<sys_id>2f7b4aebdb591410d5cc61ca0b961928</sys_id>
<sys_mod_count>0</sys_mod_count>
<sys_recorded_at>172b8fee0340000001</sys_recorded_at>
<sys_updated_by>chuck.tomasi</sys_updated_by>
<sys_updated_on>2020-06-15 17:36:16</sys_updated_on>
<table>u_print_log</table>
<target_name>Print logs</target_name>
<type>Module</type>
<update_domain>global</update_domain>
<update_guid>67c7026b905914100b585708455ac2df</update_guid>
<update_guid_history>67c7026b905914100b585708455ac2df:948561128</update_guid_history>
<update_set display_value=""/>
<view/>
</sys_update_xml>
<sys_update_xml action="INSERT_OR_UPDATE">
<action>INSERT_OR_UPDATE</action>
<application display_value="Global">global</application>
<category>customer</category>
<comments/>
<name>sys_security_acl_77c7426bdb591410d5cc61ca0b961909</name>
<payload><![CDATA[<?xml version="1.0" encoding="UTF-8"?><record_update table="sys_security_acl"><sys_security_acl action="INSERT_OR_UPDATE"><active>true</active><admin_overrides>true</admin_overrides><advanced>false</advanced><condition/><description>Default access control on u_print_log</description><name>u_print_log</name><operation display_value="read">read</operation><script/><sys_class_name>sys_security_acl</sys_class_name><sys_created_by>chuck.tomasi</sys_created_by><sys_created_on>2020-06-15 17:20:11</sys_created_on><sys_id>77c7426bdb591410d5cc61ca0b961909</sys_id><sys_mod_count>0</sys_mod_count><sys_name>u_print_log</sys_name><sys_package display_value="Global" source="global">global</sys_package><sys_policy/><sys_scope display_value="Global">global</sys_scope><sys_update_name>sys_security_acl_77c7426bdb591410d5cc61ca0b961909</sys_update_name><sys_updated_by>chuck.tomasi</sys_updated_by><sys_updated_on>2020-06-15 17:20:11</sys_updated_on><type display_value="record">record</type></sys_security_acl></record_update>]]></payload>
<payload_hash>798011960</payload_hash>
<remote_update_set display_value="Print Logger v1.0">1f7b4aebdb591410d5cc61ca0b961927</remote_update_set>
<replace_on_upgrade>false</replace_on_upgrade>
<sys_created_by>chuck.tomasi</sys_created_by>
<sys_created_on>2020-06-15 17:36:16</sys_created_on>
<sys_id>2f7b4aebdb591410d5cc61ca0b96192b</sys_id>
<sys_mod_count>0</sys_mod_count>
<sys_recorded_at>172b8fee1c30000001</sys_recorded_at>
<sys_updated_by>chuck.tomasi</sys_updated_by>
<sys_updated_on>2020-06-15 17:36:16</sys_updated_on>
<table>u_print_log</table>
<target_name>u_print_log</target_name>
<type>Access Control</type>
<update_domain>global</update_domain>
<update_guid>bbc7426ba15914103277403c87bee90c</update_guid>
<update_guid_history>bbc7426ba15914103277403c87bee90c:798011960</update_guid_history>
<update_set display_value=""/>
<view/>
</sys_update_xml>
<sys_update_xml action="INSERT_OR_UPDATE">
<action>INSERT_OR_UPDATE</action>
<application display_value="Global">global</application>
<category>customer</category>
<comments/>
<name>sysauto_script_c75dfd63db591410d5cc61ca0b961978</name>
<payload>&lt;?xml version="1.0" encoding="UTF-8"?&gt;&lt;record_update table="sysauto_script"&gt;&lt;sysauto_script action="INSERT_OR_UPDATE"&gt;&lt;active&gt;true&lt;/active&gt;&lt;business_calendar/&gt;&lt;condition/&gt;&lt;conditional&gt;false&lt;/conditional&gt;&lt;entered_time&gt;1970-01-01 00:00:00&lt;/entered_time&gt;&lt;name&gt;Print request warnings&lt;/name&gt;&lt;run_as display_value="Chuck Tomasi"&gt;46c9e158a9fe198101d44d0d22cb640d&lt;/run_as&gt;&lt;run_as_tz/&gt;&lt;run_dayofmonth&gt;1&lt;/run_dayofmonth&gt;&lt;run_dayofweek&gt;1&lt;/run_dayofweek&gt;&lt;run_period/&gt;&lt;run_start&gt;2020-06-15 16:34:32&lt;/run_start&gt;&lt;run_time&gt;1970-01-01 07:00:00&lt;/run_time&gt;&lt;run_type&gt;daily&lt;/run_type&gt;&lt;script&gt;&lt;![CDATA[// Find log entries from today where someone has printed

var tLogGr = new GlideRecord('syslog_transaction');

var q = 'sys_created_onONToday@javascript:gs.beginningOfToday()@javascript:gs.endOfToday()';
q += '^urlLIKEsysparm_media=print';
q += '^table!=syslog_transaction^ORtable=NULL^table!=NULL';

tLogGr.addEncodedQuery(q);
tLogGr.query();

while (tLogGr.next()) {
	
	// Create a Print Log entry for each one found
	var pLogGr = new GlideRecord('u_print_log');
	pLogGr.newRecord();

    pLogGr.setValue('u_table', tLogGr.getValue('table'));
    pLogGr.setValue('u_url', tLogGr.getValue('url'));
    pLogGr.setValue('u_type', tLogGr.getValue('type'));

	var usrGr = new GlideRecord('sys_user');
	if (usrGr.get('user_name', tLogGr.getValue('sys_created_by'))) {
		pLogGr.setValue('u_user', usrGr.getUniqueValue());
	}
	
	pLogGr.insert();
	
}

]]&gt;&lt;/script&gt;&lt;sys_class_name&gt;sysauto_script&lt;/sys_class_name&gt;&lt;sys_created_by&gt;chuck.tomasi&lt;/sys_created_by&gt;&lt;sys_created_on&gt;2020-06-15 16:36:33&lt;/sys_created_on&gt;&lt;sys_id&gt;c75dfd63db591410d5cc61ca0b961978&lt;/sys_id&gt;&lt;sys_mod_count&gt;8&lt;/sys_mod_count&gt;&lt;sys_name&gt;Print request warnings&lt;/sys_name&gt;&lt;sys_package display_value="Global" source="global"&gt;global&lt;/sys_package&gt;&lt;sys_policy/&gt;&lt;sys_scope display_value="Global"&gt;global&lt;/sys_scope&gt;&lt;sys_update_name&gt;sysauto_script_c75dfd63db591410d5cc61ca0b961978&lt;/sys_update_name&gt;&lt;sys_updated_by&gt;chuck.tomasi&lt;/sys_updated_by&gt;&lt;sys_updated_on&gt;2020-06-15 17:34:49&lt;/sys_updated_on&gt;&lt;time_zone/&gt;&lt;upgrade_safe&gt;false&lt;/upgrade_safe&gt;&lt;/sysauto_script&gt;&lt;/record_update&gt;</payload>
<payload_hash>874575418</payload_hash>
<remote_update_set display_value="Print Logger v1.0">1f7b4aebdb591410d5cc61ca0b961927</remote_update_set>
<replace_on_upgrade>false</replace_on_upgrade>
<sys_created_by>chuck.tomasi</sys_created_by>
<sys_created_on>2020-06-15 17:36:16</sys_created_on>
<sys_id>537b4aebdb591410d5cc61ca0b961928</sys_id>
<sys_mod_count>0</sys_mod_count>
<sys_recorded_at>172b90c49fa0000001</sys_recorded_at>
<sys_updated_by>chuck.tomasi</sys_updated_by>
<sys_updated_on>2020-06-15 17:36:16</sys_updated_on>
<table/>
<target_name>Print request warnings</target_name>
<type>Scheduled Script Execution</type>
<update_domain>global</update_domain>
<update_guid>962b4aebaf591410c3f4ea25e47e4206</update_guid>
<update_guid_history>962b4aebaf591410c3f4ea25e47e4206:874575418,da2b4aeb1f5914109347bd4535dc0604:766392536</update_guid_history>
<update_set display_value=""/>
<view/>
</sys_update_xml>
<sys_update_xml action="INSERT_OR_UPDATE">
<action>INSERT_OR_UPDATE</action>
<application display_value="Global">global</application>
<category>customer</category>
<comments/>
<name>sys_app_application_63c7026bdb591410d5cc61ca0b9619db</name>
<payload><![CDATA[<?xml version="1.0" encoding="UTF-8"?><record_update sys_domain="global" table="sys_app_application"><sys_app_application action="INSERT_OR_UPDATE"><active>true</active><category display_value="Custom Applications">e0355b31ef303000a61d5a3615c0fb78</category><description/><device_type>browser</device_type><hint/><name>Print log</name><order>100</order><roles>admin</roles><sys_class_name>sys_app_application</sys_class_name><sys_created_by>chuck.tomasi</sys_created_by><sys_created_on>2020-06-15 17:20:10</sys_created_on><sys_domain>global</sys_domain><sys_domain_path>/</sys_domain_path><sys_id>63c7026bdb591410d5cc61ca0b9619db</sys_id><sys_mod_count>0</sys_mod_count><sys_name>Print log</sys_name><sys_overrides/><sys_package display_value="Global" source="global">global</sys_package><sys_policy/><sys_scope display_value="Global">global</sys_scope><sys_update_name>sys_app_application_63c7026bdb591410d5cc61ca0b9619db</sys_update_name><sys_updated_by>chuck.tomasi</sys_updated_by><sys_updated_on>2020-06-15 17:20:10</sys_updated_on><title>Print log</title><view_name/></sys_app_application></record_update>]]></payload>
<payload_hash>-1764451133</payload_hash>
<remote_update_set display_value="Print Logger v1.0">1f7b4aebdb591410d5cc61ca0b961927</remote_update_set>
<replace_on_upgrade>false</replace_on_upgrade>
<sys_created_by>chuck.tomasi</sys_created_by>
<sys_created_on>2020-06-15 17:36:16</sys_created_on>
<sys_id>5b7b4aebdb591410d5cc61ca0b961928</sys_id>
<sys_mod_count>0</sys_mod_count>
<sys_recorded_at>172b8fee0030000001</sys_recorded_at>
<sys_updated_by>chuck.tomasi</sys_updated_by>
<sys_updated_on>2020-06-15 17:36:16</sys_updated_on>
<table/>
<target_name>Print log</target_name>
<type>Application Menu</type>
<update_domain>global</update_domain>
<update_guid>6fc7026bc459141084acf6571431f8dc</update_guid>
<update_guid_history>6fc7026bc459141084acf6571431f8dc:-1764451133</update_guid_history>
<update_set display_value=""/>
<view/>
</sys_update_xml>
<sys_update_xml action="INSERT_OR_UPDATE">
<action>INSERT_OR_UPDATE</action>
<application display_value="Global">global</application>
<category>customer</category>
<comments/>
<name>ua_table_licensing_config_3fc7426bdb591410d5cc61ca0b961939</name>
<payload><![CDATA[<?xml version="1.0" encoding="UTF-8"?><record_update table="ua_table_licensing_config"><ua_table_licensing_config action="INSERT_OR_UPDATE"><is_fulfillment>false</is_fulfillment><license_condition/><license_model>none</license_model><license_roles/><name>u_print_log</name><op_delete>true</op_delete><op_insert>true</op_insert><op_update>true</op_update><owner_condition/><sys_class_name>ua_table_licensing_config</sys_class_name><sys_created_by>chuck.tomasi</sys_created_by><sys_created_on>2020-06-15 17:20:11</sys_created_on><sys_id>3fc7426bdb591410d5cc61ca0b961939</sys_id><sys_mod_count>0</sys_mod_count><sys_name>u_print_log</sys_name><sys_package display_value="Global" source="global">global</sys_package><sys_policy/><sys_scope display_value="Global">global</sys_scope><sys_update_name>ua_table_licensing_config_3fc7426bdb591410d5cc61ca0b961939</sys_update_name><sys_updated_by>chuck.tomasi</sys_updated_by><sys_updated_on>2020-06-15 17:20:11</sys_updated_on></ua_table_licensing_config></record_update>]]></payload>
<payload_hash>895727130</payload_hash>
<remote_update_set display_value="Print Logger v1.0">1f7b4aebdb591410d5cc61ca0b961927</remote_update_set>
<replace_on_upgrade>false</replace_on_upgrade>
<sys_created_by>chuck.tomasi</sys_created_by>
<sys_created_on>2020-06-15 17:36:16</sys_created_on>
<sys_id>637b422fdb591410d5cc61ca0b961900</sys_id>
<sys_mod_count>0</sys_mod_count>
<sys_recorded_at>172b8fee47e0000001</sys_recorded_at>
<sys_updated_by>chuck.tomasi</sys_updated_by>
<sys_updated_on>2020-06-15 17:36:16</sys_updated_on>
<table/>
<target_name>u_print_log</target_name>
<type>Table Subscription Configuration</type>
<update_domain>global</update_domain>
<update_guid>bfc7426bac591410b78faa22b9a3c33a</update_guid>
<update_guid_history>bfc7426bac591410b78faa22b9a3c33a:895727130</update_guid_history>
<update_set display_value=""/>
<view/>
</sys_update_xml>
<sys_update_xml action="INSERT_OR_UPDATE">
<action>INSERT_OR_UPDATE</action>
<application display_value="Global">global</application>
<category>customer</category>
<comments/>
<name>sys_dictionary_u_print_log_u_user</name>
<payload>&lt;?xml version="1.0" encoding="UTF-8"?&gt;&lt;record_update&gt;&lt;sys_dictionary action="INSERT_OR_UPDATE" element="u_user" table="u_print_log"&gt;&lt;active&gt;true&lt;/active&gt;&lt;array&gt;false&lt;/array&gt;&lt;array_denormalized&gt;false&lt;/array_denormalized&gt;&lt;attributes/&gt;&lt;audit&gt;false&lt;/audit&gt;&lt;calculation&gt;&lt;![CDATA[(function calculatedFieldValue(current) {

	// Add your code here
	return '';  // return the calculated value

})(current);]]&gt;&lt;/calculation&gt;&lt;choice/&gt;&lt;choice_field/&gt;&lt;choice_table/&gt;&lt;column_label&gt;User&lt;/column_label&gt;&lt;comments/&gt;&lt;create_roles/&gt;&lt;default_value/&gt;&lt;defaultsort/&gt;&lt;delete_roles/&gt;&lt;dependent/&gt;&lt;dependent_on_field/&gt;&lt;display&gt;false&lt;/display&gt;&lt;dynamic_creation&gt;false&lt;/dynamic_creation&gt;&lt;dynamic_creation_script/&gt;&lt;dynamic_default_value/&gt;&lt;dynamic_ref_qual/&gt;&lt;element&gt;u_user&lt;/element&gt;&lt;element_reference&gt;false&lt;/element_reference&gt;&lt;foreign_database/&gt;&lt;function_definition/&gt;&lt;function_field&gt;false&lt;/function_field&gt;&lt;internal_type display_value="Reference"&gt;reference&lt;/internal_type&gt;&lt;mandatory&gt;false&lt;/mandatory&gt;&lt;max_length&gt;32&lt;/max_length&gt;&lt;name&gt;u_print_log&lt;/name&gt;&lt;next_element/&gt;&lt;primary&gt;false&lt;/primary&gt;&lt;read_only&gt;false&lt;/read_only&gt;&lt;read_roles/&gt;&lt;reference display_value="" name="sys_user"&gt;sys_user&lt;/reference&gt;&lt;reference_cascade_rule/&gt;&lt;reference_floats&gt;false&lt;/reference_floats&gt;&lt;reference_key/&gt;&lt;reference_qual/&gt;&lt;reference_qual_condition/&gt;&lt;reference_type/&gt;&lt;sizeclass/&gt;&lt;spell_check&gt;false&lt;/spell_check&gt;&lt;staged&gt;false&lt;/staged&gt;&lt;sys_class_name&gt;sys_dictionary&lt;/sys_class_name&gt;&lt;sys_created_by&gt;chuck.tomasi&lt;/sys_created_by&gt;&lt;sys_created_on&gt;2020-06-15 17:20:10&lt;/sys_created_on&gt;&lt;sys_id&gt;24a70ea7db591410d5cc61ca0b961951&lt;/sys_id&gt;&lt;sys_mod_count&gt;0&lt;/sys_mod_count&gt;&lt;sys_name&gt;User&lt;/sys_name&gt;&lt;sys_package display_value="Global" source="global"&gt;global&lt;/sys_package&gt;&lt;sys_policy/&gt;&lt;sys_scope display_value="Global"&gt;global&lt;/sys_scope&gt;&lt;sys_update_name&gt;sys_dictionary_u_print_log_u_user&lt;/sys_update_name&gt;&lt;sys_updated_by&gt;chuck.tomasi&lt;/sys_updated_by&gt;&lt;sys_updated_on&gt;2020-06-15 17:20:10&lt;/sys_updated_on&gt;&lt;table_reference&gt;false&lt;/table_reference&gt;&lt;text_index&gt;false&lt;/text_index&gt;&lt;unique&gt;false&lt;/unique&gt;&lt;use_dependent_field&gt;false&lt;/use_dependent_field&gt;&lt;use_dynamic_default&gt;false&lt;/use_dynamic_default&gt;&lt;use_reference_qualifier&gt;simple&lt;/use_reference_qualifier&gt;&lt;virtual&gt;false&lt;/virtual&gt;&lt;widget/&gt;&lt;write_roles/&gt;&lt;xml_view&gt;false&lt;/xml_view&gt;&lt;/sys_dictionary&gt;&lt;/record_update&gt;</payload>
<payload_hash>201613330</payload_hash>
<remote_update_set display_value="Print Logger v1.0">1f7b4aebdb591410d5cc61ca0b961927</remote_update_set>
<replace_on_upgrade>false</replace_on_upgrade>
<sys_created_by>chuck.tomasi</sys_created_by>
<sys_created_on>2020-06-15 17:36:16</sys_created_on>
<sys_id>637b4aebdb591410d5cc61ca0b96192a</sys_id>
<sys_mod_count>0</sys_mod_count>
<sys_recorded_at>172b8fedf230000001</sys_recorded_at>
<sys_updated_by>chuck.tomasi</sys_updated_by>
<sys_updated_on>2020-06-15 17:36:16</sys_updated_on>
<table>u_print_log</table>
<target_name>u_print_log.u_user</target_name>
<type>Dictionary</type>
<update_domain>global</update_domain>
<update_guid>67c7026b4259141067e08d706d135cd1</update_guid>
<update_guid_history>67c7026b4259141067e08d706d135cd1:201613330</update_guid_history>
<update_set display_value=""/>
<view/>
</sys_update_xml>
<sys_update_xml action="INSERT_OR_UPDATE">
<action>INSERT_OR_UPDATE</action>
<application display_value="Global">global</application>
<category>customer</category>
<comments/>
<name>sys_ui_application_67c7026bdb591410d5cc61ca0b9619e0</name>
<payload><![CDATA[<?xml version="1.0" encoding="UTF-8"?><record_update sys_domain="global" table="sys_ui_application"><sys_ui_application action="INSERT_OR_UPDATE"><active>true</active><hint/><name>Print log</name><order/><roles>admin</roles><sys_class_name>sys_ui_application</sys_class_name><sys_created_by>chuck.tomasi</sys_created_by><sys_created_on>2020-06-15 17:20:10</sys_created_on><sys_domain>global</sys_domain><sys_domain_path>/</sys_domain_path><sys_id>67c7026bdb591410d5cc61ca0b9619e0</sys_id><sys_mod_count>0</sys_mod_count><sys_name>Print log</sys_name><sys_overrides/><sys_package display_value="Global" source="global">global</sys_package><sys_policy/><sys_scope display_value="Global">global</sys_scope><sys_update_name>sys_ui_application_67c7026bdb591410d5cc61ca0b9619e0</sys_update_name><sys_updated_by>chuck.tomasi</sys_updated_by><sys_updated_on>2020-06-15 17:20:10</sys_updated_on></sys_ui_application></record_update>]]></payload>
<payload_hash>846904070</payload_hash>
<remote_update_set display_value="Print Logger v1.0">1f7b4aebdb591410d5cc61ca0b961927</remote_update_set>
<replace_on_upgrade>false</replace_on_upgrade>
<sys_created_by>chuck.tomasi</sys_created_by>
<sys_created_on>2020-06-15 17:36:16</sys_created_on>
<sys_id>637b4aebdb591410d5cc61ca0b96192d</sys_id>
<sys_mod_count>0</sys_mod_count>
<sys_recorded_at>172b8fee0780000001</sys_recorded_at>
<sys_updated_by>chuck.tomasi</sys_updated_by>
<sys_updated_on>2020-06-15 17:36:16</sys_updated_on>
<table/>
<target_name>Print log</target_name>
<type>Application Menu</type>
<update_domain>global</update_domain>
<update_guid>a7c7026bd7591410fcaa99d65ca352e2</update_guid>
<update_guid_history>a7c7026bd7591410fcaa99d65ca352e2:846904070</update_guid_history>
<update_set display_value=""/>
<view/>
</sys_update_xml>
<sys_update_xml action="INSERT_OR_UPDATE">
<action>INSERT_OR_UPDATE</action>
<application display_value="Global">global</application>
<category>customer</category>
<comments/>
<name>sys_dictionary_u_print_log_u_number</name>
<payload>&lt;?xml version="1.0" encoding="UTF-8"?&gt;&lt;record_update&gt;&lt;sys_dictionary action="INSERT_OR_UPDATE" element="u_number" table="u_print_log"&gt;&lt;active&gt;true&lt;/active&gt;&lt;array&gt;false&lt;/array&gt;&lt;array_denormalized&gt;false&lt;/array_denormalized&gt;&lt;attributes&gt;ignore_filter_on_new=true&lt;/attributes&gt;&lt;audit&gt;false&lt;/audit&gt;&lt;calculation&gt;&lt;![CDATA[(function calculatedFieldValue(current) {

	// Add your code here
	return '';  // return the calculated value

})(current);]]&gt;&lt;/calculation&gt;&lt;choice/&gt;&lt;choice_field/&gt;&lt;choice_table/&gt;&lt;column_label&gt;Number&lt;/column_label&gt;&lt;comments/&gt;&lt;create_roles/&gt;&lt;default_value&gt;javascript:global.getNextObjNumberPadded();&lt;/default_value&gt;&lt;defaultsort/&gt;&lt;delete_roles/&gt;&lt;dependent/&gt;&lt;dependent_on_field/&gt;&lt;display&gt;false&lt;/display&gt;&lt;dynamic_creation&gt;false&lt;/dynamic_creation&gt;&lt;dynamic_creation_script/&gt;&lt;dynamic_default_value/&gt;&lt;dynamic_ref_qual/&gt;&lt;element&gt;u_number&lt;/element&gt;&lt;element_reference&gt;false&lt;/element_reference&gt;&lt;foreign_database/&gt;&lt;function_definition/&gt;&lt;function_field&gt;false&lt;/function_field&gt;&lt;internal_type display_value="String"&gt;string&lt;/internal_type&gt;&lt;mandatory&gt;false&lt;/mandatory&gt;&lt;max_length&gt;40&lt;/max_length&gt;&lt;name&gt;u_print_log&lt;/name&gt;&lt;next_element/&gt;&lt;primary&gt;false&lt;/primary&gt;&lt;read_only&gt;false&lt;/read_only&gt;&lt;read_roles/&gt;&lt;reference/&gt;&lt;reference_cascade_rule/&gt;&lt;reference_floats&gt;false&lt;/reference_floats&gt;&lt;reference_key/&gt;&lt;reference_qual/&gt;&lt;reference_qual_condition/&gt;&lt;reference_type/&gt;&lt;sizeclass/&gt;&lt;spell_check&gt;false&lt;/spell_check&gt;&lt;staged&gt;false&lt;/staged&gt;&lt;sys_class_name&gt;sys_dictionary&lt;/sys_class_name&gt;&lt;sys_created_by&gt;chuck.tomasi&lt;/sys_created_by&gt;&lt;sys_created_on&gt;2020-06-15 17:20:12&lt;/sys_created_on&gt;&lt;sys_id&gt;84d7426bdb591410d5cc61ca0b96194b&lt;/sys_id&gt;&lt;sys_mod_count&gt;0&lt;/sys_mod_count&gt;&lt;sys_name&gt;Number&lt;/sys_name&gt;&lt;sys_package display_value="Global" source="global"&gt;global&lt;/sys_package&gt;&lt;sys_policy/&gt;&lt;sys_scope display_value="Global"&gt;global&lt;/sys_scope&gt;&lt;sys_update_name&gt;sys_dictionary_u_print_log_u_number&lt;/sys_update_name&gt;&lt;sys_updated_by&gt;chuck.tomasi&lt;/sys_updated_by&gt;&lt;sys_updated_on&gt;2020-06-15 17:20:12&lt;/sys_updated_on&gt;&lt;table_reference&gt;false&lt;/table_reference&gt;&lt;text_index&gt;false&lt;/text_index&gt;&lt;unique&gt;false&lt;/unique&gt;&lt;use_dependent_field&gt;false&lt;/use_dependent_field&gt;&lt;use_dynamic_default&gt;false&lt;/use_dynamic_default&gt;&lt;use_reference_qualifier&gt;simple&lt;/use_reference_qualifier&gt;&lt;virtual&gt;false&lt;/virtual&gt;&lt;widget/&gt;&lt;write_roles/&gt;&lt;xml_view&gt;false&lt;/xml_view&gt;&lt;/sys_dictionary&gt;&lt;/record_update&gt;</payload>
<payload_hash>383843609</payload_hash>
<remote_update_set display_value="Print Logger v1.0">1f7b4aebdb591410d5cc61ca0b961927</remote_update_set>
<replace_on_upgrade>false</replace_on_upgrade>
<sys_created_by>chuck.tomasi</sys_created_by>
<sys_created_on>2020-06-15 17:36:16</sys_created_on>
<sys_id>677b4aebdb591410d5cc61ca0b961929</sys_id>
<sys_mod_count>0</sys_mod_count>
<sys_recorded_at>172b8fee6c50000001</sys_recorded_at>
<sys_updated_by>chuck.tomasi</sys_updated_by>
<sys_updated_on>2020-06-15 17:36:16</sys_updated_on>
<table>u_print_log</table>
<target_name>Print log.Number</target_name>
<type>Dictionary</type>
<update_domain>global</update_domain>
<update_guid>c4d7426b1c591410ddb5717e1b75d656</update_guid>
<update_guid_history>c4d7426b1c591410ddb5717e1b75d656:383843609</update_guid_history>
<update_set display_value=""/>
<view/>
</sys_update_xml>
<sys_update_xml action="INSERT_OR_UPDATE">
<action>INSERT_OR_UPDATE</action>
<application display_value="Global">global</application>
<category>customer</category>
<comments/>
<name>sys_security_acl_role_33c7426bdb591410d5cc61ca0b96191e</name>
<payload><![CDATA[<?xml version="1.0" encoding="UTF-8"?><record_update table="sys_security_acl_role"><sys_security_acl_role action="INSERT_OR_UPDATE"><sys_class_name>sys_security_acl_role</sys_class_name><sys_created_by>chuck.tomasi</sys_created_by><sys_created_on>2020-06-15 17:20:11</sys_created_on><sys_id>33c7426bdb591410d5cc61ca0b96191e</sys_id><sys_mod_count>0</sys_mod_count><sys_name>u_print_log.admin</sys_name><sys_package display_value="Global" source="global">global</sys_package><sys_policy/><sys_scope display_value="Global">global</sys_scope><sys_security_acl display_value="u_print_log">7fc7426bdb591410d5cc61ca0b961919</sys_security_acl><sys_update_name>sys_security_acl_role_33c7426bdb591410d5cc61ca0b96191e</sys_update_name><sys_updated_by>chuck.tomasi</sys_updated_by><sys_updated_on>2020-06-15 17:20:11</sys_updated_on><sys_user_role display_value="admin" name="admin">2831a114c611228501d4ea6c309d626d</sys_user_role><transaction_id/></sys_security_acl_role></record_update>]]></payload>
<payload_hash>-1012567082</payload_hash>
<remote_update_set display_value="Print Logger v1.0">1f7b4aebdb591410d5cc61ca0b961927</remote_update_set>
<replace_on_upgrade>false</replace_on_upgrade>
<sys_created_by>chuck.tomasi</sys_created_by>
<sys_created_on>2020-06-15 17:36:16</sys_created_on>
<sys_id>677b4aebdb591410d5cc61ca0b96192c</sys_id>
<sys_mod_count>0</sys_mod_count>
<sys_recorded_at>172b8fee2e00000001</sys_recorded_at>
<sys_updated_by>chuck.tomasi</sys_updated_by>
<sys_updated_on>2020-06-15 17:36:16</sys_updated_on>
<table>u_print_log</table>
<target_name>u_print_log.admin</target_name>
<type>Access Roles</type>
<update_domain>global</update_domain>
<update_guid>f3c7426b7e5914101701b70ffa0b0f21</update_guid>
<update_guid_history>f3c7426b7e5914101701b70ffa0b0f21:-1012567082</update_guid_history>
<update_set display_value=""/>
<view/>
</sys_update_xml>
<sys_update_xml action="INSERT_OR_UPDATE">
<action>INSERT_OR_UPDATE</action>
<application display_value="Global">global</application>
<category>customer</category>
<comments/>
<name>sys_security_acl_6bc7026bdb591410d5cc61ca0b9619e6</name>
<payload><![CDATA[<?xml version="1.0" encoding="UTF-8"?><record_update table="sys_security_acl"><sys_security_acl action="INSERT_OR_UPDATE"><active>true</active><admin_overrides>true</admin_overrides><advanced>false</advanced><condition/><description>Default access control on u_print_log</description><name>u_print_log</name><operation display_value="create">create</operation><script/><sys_class_name>sys_security_acl</sys_class_name><sys_created_by>chuck.tomasi</sys_created_by><sys_created_on>2020-06-15 17:20:10</sys_created_on><sys_id>6bc7026bdb591410d5cc61ca0b9619e6</sys_id><sys_mod_count>0</sys_mod_count><sys_name>u_print_log</sys_name><sys_package display_value="Global" source="global">global</sys_package><sys_policy/><sys_scope display_value="Global">global</sys_scope><sys_update_name>sys_security_acl_6bc7026bdb591410d5cc61ca0b9619e6</sys_update_name><sys_updated_by>chuck.tomasi</sys_updated_by><sys_updated_on>2020-06-15 17:20:10</sys_updated_on><type display_value="record">record</type></sys_security_acl></record_update>]]></payload>
<payload_hash>1448892548</payload_hash>
<remote_update_set display_value="Print Logger v1.0">1f7b4aebdb591410d5cc61ca0b961927</remote_update_set>
<replace_on_upgrade>false</replace_on_upgrade>
<sys_created_by>chuck.tomasi</sys_created_by>
<sys_created_on>2020-06-15 17:36:16</sys_created_on>
<sys_id>6b7b4aebdb591410d5cc61ca0b96192b</sys_id>
<sys_mod_count>0</sys_mod_count>
<sys_recorded_at>172b8fee1280000001</sys_recorded_at>
<sys_updated_by>chuck.tomasi</sys_updated_by>
<sys_updated_on>2020-06-15 17:36:16</sys_updated_on>
<table>u_print_log</table>
<target_name>u_print_log</target_name>
<type>Access Control</type>
<update_domain>global</update_domain>
<update_guid>3bc7426b425914105f54f3f257a2ca03</update_guid>
<update_guid_history>3bc7426b425914105f54f3f257a2ca03:1448892548</update_guid_history>
<update_set display_value=""/>
<view/>
</sys_update_xml>
<sys_update_xml action="INSERT_OR_UPDATE">
<action>INSERT_OR_UPDATE</action>
<application display_value="Global">global</application>
<category>customer</category>
<comments/>
<name>sys_documentation_u_print_log_u_url_en</name>
<payload><![CDATA[<?xml version="1.0" encoding="UTF-8"?><record_update><sys_documentation element="u_url" label="URL" language="en" table="u_print_log"><sys_documentation action="INSERT_OR_UPDATE"><element>u_url</element><help/><hint/><label>URL</label><language>en</language><name>u_print_log</name><plural>URLs</plural><sys_class_name>sys_documentation</sys_class_name><sys_created_by>chuck.tomasi</sys_created_by><sys_created_on>2020-06-15 17:20:11</sys_created_on><sys_id>bfc7426bdb591410d5cc61ca0b96192d</sys_id><sys_mod_count>0</sys_mod_count><sys_name>URL</sys_name><sys_package display_value="Global" source="global">global</sys_package><sys_policy/><sys_scope display_value="Global">global</sys_scope><sys_update_name>sys_documentation_u_print_log_u_url_en</sys_update_name><sys_updated_by>chuck.tomasi</sys_updated_by><sys_updated_on>2020-06-15 17:20:11</sys_updated_on><url/><url_target/></sys_documentation></sys_documentation></record_update>]]></payload>
<payload_hash>775839709</payload_hash>
<remote_update_set display_value="Print Logger v1.0">1f7b4aebdb591410d5cc61ca0b961927</remote_update_set>
<replace_on_upgrade>false</replace_on_upgrade>
<sys_created_by>chuck.tomasi</sys_created_by>
<sys_created_on>2020-06-15 17:36:16</sys_created_on>
<sys_id>6f7b4aebdb591410d5cc61ca0b96192a</sys_id>
<sys_mod_count>0</sys_mod_count>
<sys_recorded_at>172b8fee56d0000001</sys_recorded_at>
<sys_updated_by>chuck.tomasi</sys_updated_by>
<sys_updated_on>2020-06-15 17:36:16</sys_updated_on>
<table>u_print_log</table>
<target_name>Print log.URL</target_name>
<type>Field Label</type>
<update_domain>global</update_domain>
<update_guid>80d7426b0e591410c52f0f55c891b143</update_guid>
<update_guid_history>80d7426b0e591410c52f0f55c891b143:775839709</update_guid_history>
<update_set display_value=""/>
<view/>
</sys_update_xml>
<sys_update_xml action="INSERT_OR_UPDATE">
<action>INSERT_OR_UPDATE</action>
<application display_value="Global">global</application>
<category>customer</category>
<comments/>
<name>sys_dictionary_u_print_log_null</name>
<payload>&lt;?xml version="1.0" encoding="UTF-8"?&gt;&lt;record_update&gt;&lt;sys_dictionary action="INSERT_OR_UPDATE" element="" table="u_print_log"&gt;&lt;active&gt;true&lt;/active&gt;&lt;array&gt;false&lt;/array&gt;&lt;array_denormalized&gt;false&lt;/array_denormalized&gt;&lt;attributes/&gt;&lt;audit&gt;false&lt;/audit&gt;&lt;calculation&gt;&lt;![CDATA[(function calculatedFieldValue(current) {

	// Add your code here
	return '';  // return the calculated value

})(current);]]&gt;&lt;/calculation&gt;&lt;choice/&gt;&lt;choice_field/&gt;&lt;choice_table/&gt;&lt;column_label/&gt;&lt;comments/&gt;&lt;create_roles/&gt;&lt;default_value/&gt;&lt;defaultsort/&gt;&lt;delete_roles/&gt;&lt;dependent/&gt;&lt;dependent_on_field/&gt;&lt;display&gt;false&lt;/display&gt;&lt;dynamic_creation&gt;false&lt;/dynamic_creation&gt;&lt;dynamic_creation_script/&gt;&lt;dynamic_default_value/&gt;&lt;dynamic_ref_qual/&gt;&lt;element/&gt;&lt;element_reference&gt;false&lt;/element_reference&gt;&lt;foreign_database/&gt;&lt;function_definition/&gt;&lt;function_field&gt;false&lt;/function_field&gt;&lt;internal_type display_value="Collection"&gt;collection&lt;/internal_type&gt;&lt;mandatory&gt;false&lt;/mandatory&gt;&lt;max_length&gt;40&lt;/max_length&gt;&lt;name&gt;u_print_log&lt;/name&gt;&lt;next_element/&gt;&lt;primary&gt;false&lt;/primary&gt;&lt;read_only&gt;false&lt;/read_only&gt;&lt;read_roles/&gt;&lt;reference/&gt;&lt;reference_cascade_rule/&gt;&lt;reference_floats&gt;false&lt;/reference_floats&gt;&lt;reference_key/&gt;&lt;reference_qual/&gt;&lt;reference_qual_condition/&gt;&lt;reference_type/&gt;&lt;sizeclass/&gt;&lt;spell_check&gt;false&lt;/spell_check&gt;&lt;staged&gt;false&lt;/staged&gt;&lt;sys_class_name&gt;sys_dictionary&lt;/sys_class_name&gt;&lt;sys_created_by&gt;chuck.tomasi&lt;/sys_created_by&gt;&lt;sys_created_on&gt;2020-06-15 17:20:11&lt;/sys_created_on&gt;&lt;sys_id&gt;ffc7426bdb591410d5cc61ca0b961921&lt;/sys_id&gt;&lt;sys_mod_count&gt;0&lt;/sys_mod_count&gt;&lt;sys_name&gt;u_print_log&lt;/sys_name&gt;&lt;sys_package display_value="Global" source="global"&gt;global&lt;/sys_package&gt;&lt;sys_policy/&gt;&lt;sys_scope display_value="Global"&gt;global&lt;/sys_scope&gt;&lt;sys_update_name&gt;sys_dictionary_u_print_log_null&lt;/sys_update_name&gt;&lt;sys_updated_by&gt;chuck.tomasi&lt;/sys_updated_by&gt;&lt;sys_updated_on&gt;2020-06-15 17:20:11&lt;/sys_updated_on&gt;&lt;table_reference&gt;false&lt;/table_reference&gt;&lt;text_index&gt;false&lt;/text_index&gt;&lt;unique&gt;false&lt;/unique&gt;&lt;use_dependent_field&gt;false&lt;/use_dependent_field&gt;&lt;use_dynamic_default&gt;false&lt;/use_dynamic_default&gt;&lt;use_reference_qualifier&gt;simple&lt;/use_reference_qualifier&gt;&lt;virtual&gt;false&lt;/virtual&gt;&lt;widget/&gt;&lt;write_roles/&gt;&lt;xml_view&gt;false&lt;/xml_view&gt;&lt;/sys_dictionary&gt;&lt;/record_update&gt;</payload>
<payload_hash>2107046966</payload_hash>
<remote_update_set display_value="Print Logger v1.0">1f7b4aebdb591410d5cc61ca0b961927</remote_update_set>
<replace_on_upgrade>false</replace_on_upgrade>
<sys_created_by>chuck.tomasi</sys_created_by>
<sys_created_on>2020-06-15 17:36:16</sys_created_on>
<sys_id>a37b4aebdb591410d5cc61ca0b961929</sys_id>
<sys_mod_count>0</sys_mod_count>
<sys_recorded_at>172b8fee4f80000001</sys_recorded_at>
<sys_updated_by>chuck.tomasi</sys_updated_by>
<sys_updated_on>2020-06-15 17:36:16</sys_updated_on>
<table>u_print_log</table>
<target_name>Print log</target_name>
<type>Dictionary</type>
<update_domain>global</update_domain>
<update_guid>48d7426bd2591410bbd892aaa177ce3e</update_guid>
<update_guid_history>48d7426bd2591410bbd892aaa177ce3e:2107046966</update_guid_history>
<update_set display_value=""/>
<view/>
</sys_update_xml>
<sys_update_xml action="INSERT_OR_UPDATE">
<action>INSERT_OR_UPDATE</action>
<application display_value="Global">global</application>
<category>customer</category>
<comments/>
<name>sys_security_acl_7fc7426bdb591410d5cc61ca0b961919</name>
<payload><![CDATA[<?xml version="1.0" encoding="UTF-8"?><record_update table="sys_security_acl"><sys_security_acl action="INSERT_OR_UPDATE"><active>true</active><admin_overrides>true</admin_overrides><advanced>false</advanced><condition/><description>Default access control on u_print_log</description><name>u_print_log</name><operation display_value="delete">delete</operation><script/><sys_class_name>sys_security_acl</sys_class_name><sys_created_by>chuck.tomasi</sys_created_by><sys_created_on>2020-06-15 17:20:11</sys_created_on><sys_id>7fc7426bdb591410d5cc61ca0b961919</sys_id><sys_mod_count>0</sys_mod_count><sys_name>u_print_log</sys_name><sys_package display_value="Global" source="global">global</sys_package><sys_policy/><sys_scope display_value="Global">global</sys_scope><sys_update_name>sys_security_acl_7fc7426bdb591410d5cc61ca0b961919</sys_update_name><sys_updated_by>chuck.tomasi</sys_updated_by><sys_updated_on>2020-06-15 17:20:11</sys_updated_on><type display_value="record">record</type></sys_security_acl></record_update>]]></payload>
<payload_hash>800088034</payload_hash>
<remote_update_set display_value="Print Logger v1.0">1f7b4aebdb591410d5cc61ca0b961927</remote_update_set>
<replace_on_upgrade>false</replace_on_upgrade>
<sys_created_by>chuck.tomasi</sys_created_by>
<sys_created_on>2020-06-15 17:36:16</sys_created_on>
<sys_id>a37b4aebdb591410d5cc61ca0b96192c</sys_id>
<sys_mod_count>0</sys_mod_count>
<sys_recorded_at>172b8fee2a80000001</sys_recorded_at>
<sys_updated_by>chuck.tomasi</sys_updated_by>
<sys_updated_on>2020-06-15 17:36:16</sys_updated_on>
<table>u_print_log</table>
<target_name>u_print_log</target_name>
<type>Access Control</type>
<update_domain>global</update_domain>
<update_guid>b3c7426b1e5914105374e85089f18e1d</update_guid>
<update_guid_history>b3c7426b1e5914105374e85089f18e1d:800088034</update_guid_history>
<update_set display_value=""/>
<view/>
</sys_update_xml>
<sys_update_xml action="INSERT_OR_UPDATE">
<action>INSERT_OR_UPDATE</action>
<application display_value="Global">global</application>
<category>customer</category>
<comments/>
<name>sys_number_c0d7426bdb591410d5cc61ca0b961945</name>
<payload><![CDATA[<?xml version="1.0" encoding="UTF-8"?><record_update table="sys_number"><sys_number action="INSERT_OR_UPDATE"><category display_value="" name="u_print_log">u_print_log</category><maximum_digits>7</maximum_digits><number>1000</number><prefix>PLOG</prefix><sys_class_name>sys_number</sys_class_name><sys_created_by>chuck.tomasi</sys_created_by><sys_created_on>2020-06-15 17:20:12</sys_created_on><sys_id>c0d7426bdb591410d5cc61ca0b961945</sys_id><sys_mod_count>0</sys_mod_count><sys_name>PLOG</sys_name><sys_package display_value="Global" source="global">global</sys_package><sys_policy/><sys_scope display_value="Global">global</sys_scope><sys_update_name>sys_number_c0d7426bdb591410d5cc61ca0b961945</sys_update_name><sys_updated_by>chuck.tomasi</sys_updated_by><sys_updated_on>2020-06-15 17:20:12</sys_updated_on></sys_number></record_update>]]></payload>
<payload_hash>588486076</payload_hash>
<remote_update_set display_value="Print Logger v1.0">1f7b4aebdb591410d5cc61ca0b961927</remote_update_set>
<replace_on_upgrade>false</replace_on_upgrade>
<sys_created_by>chuck.tomasi</sys_created_by>
<sys_created_on>2020-06-15 17:36:16</sys_created_on>
<sys_id>a77b4aebdb591410d5cc61ca0b96192b</sys_id>
<sys_mod_count>0</sys_mod_count>
<sys_recorded_at>172b8fee6ee0000001</sys_recorded_at>
<sys_updated_by>chuck.tomasi</sys_updated_by>
<sys_updated_on>2020-06-15 17:36:16</sys_updated_on>
<table/>
<target_name>PLOG</target_name>
<type>Number</type>
<update_domain>global</update_domain>
<update_guid>8cd7426bad59141024d0622ec9e7eb58</update_guid>
<update_guid_history>8cd7426bad59141024d0622ec9e7eb58:588486076</update_guid_history>
<update_set display_value=""/>
<view/>
</sys_update_xml>
<sys_update_xml action="INSERT_OR_UPDATE">
<action>INSERT_OR_UPDATE</action>
<application display_value="Global">global</application>
<category>customer</category>
<comments/>
<name>sys_documentation_u_print_log_u_type_en</name>
<payload><![CDATA[<?xml version="1.0" encoding="UTF-8"?><record_update><sys_documentation element="u_type" label="Type" language="en" table="u_print_log"><sys_documentation action="INSERT_OR_UPDATE"><element>u_type</element><help/><hint/><label>Type</label><language>en</language><name>u_print_log</name><plural>Types</plural><sys_class_name>sys_documentation</sys_class_name><sys_created_by>chuck.tomasi</sys_created_by><sys_created_on>2020-06-15 17:20:54</sys_created_on><sys_id>52f7066bdb591410d5cc61ca0b961907</sys_id><sys_mod_count>0</sys_mod_count><sys_name>Type</sys_name><sys_package display_value="Global" source="global">global</sys_package><sys_policy/><sys_scope display_value="Global">global</sys_scope><sys_update_name>sys_documentation_u_print_log_u_type_en</sys_update_name><sys_updated_by>chuck.tomasi</sys_updated_by><sys_updated_on>2020-06-15 17:20:54</sys_updated_on><url/><url_target/></sys_documentation></sys_documentation></record_update>]]></payload>
<payload_hash>-1622310979</payload_hash>
<remote_update_set display_value="Print Logger v1.0">1f7b4aebdb591410d5cc61ca0b961927</remote_update_set>
<replace_on_upgrade>false</replace_on_upgrade>
<sys_created_by>chuck.tomasi</sys_created_by>
<sys_created_on>2020-06-15 17:36:16</sys_created_on>
<sys_id>ab7b4aebdb591410d5cc61ca0b96192a</sys_id>
<sys_mod_count>0</sys_mod_count>
<sys_recorded_at>172b8ff8cb50000001</sys_recorded_at>
<sys_updated_by>chuck.tomasi</sys_updated_by>
<sys_updated_on>2020-06-15 17:36:16</sys_updated_on>
<table>u_print_log</table>
<target_name>Print log.Type</target_name>
<type>Field Label</type>
<update_domain>global</update_domain>
<update_guid>56f7066bbf59141068e145426a46ab10</update_guid>
<update_guid_history>56f7066bbf59141068e145426a46ab10:-1622310979</update_guid_history>
<update_set display_value=""/>
<view/>
</sys_update_xml>
<sys_update_xml action="INSERT_OR_UPDATE">
<action>INSERT_OR_UPDATE</action>
<application display_value="Global">global</application>
<category>customer</category>
<comments/>
<name>sys_ui_section_d938826bdb591410d5cc61ca0b961913</name>
<payload><![CDATA[<?xml version="1.0" encoding="UTF-8"?><record_update><sys_ui_section caption="" section_id="d938826bdb591410d5cc61ca0b961913" sys_domain="global" table="u_print_log" version="3" view=""><sys_ui_element action="INSERT_OR_UPDATE"><element>u_number</element><position>0</position><sys_created_by>chuck.tomasi</sys_created_by><sys_created_on>2020-06-15 17:21:56</sys_created_on><sys_id>5d38826bdb591410d5cc61ca0b96191a</sys_id><sys_mod_count>0</sys_mod_count><sys_ui_formatter/><sys_ui_section caption="NULL" display_value="" name="u_print_log" sys_domain="global" view="Default view">d938826bdb591410d5cc61ca0b961913</sys_ui_section><sys_updated_by>chuck.tomasi</sys_updated_by><sys_updated_on>2020-06-15 17:21:56</sys_updated_on><sys_user/><type/></sys_ui_element><sys_ui_element action="INSERT_OR_UPDATE"><element>u_table</element><position>1</position><sys_created_by>chuck.tomasi</sys_created_by><sys_created_on>2020-06-15 17:21:56</sys_created_on><sys_id>5938826bdb591410d5cc61ca0b96191b</sys_id><sys_mod_count>0</sys_mod_count><sys_ui_formatter/><sys_ui_section caption="NULL" display_value="" name="u_print_log" sys_domain="global" view="Default view">d938826bdb591410d5cc61ca0b961913</sys_ui_section><sys_updated_by>chuck.tomasi</sys_updated_by><sys_updated_on>2020-06-15 17:21:56</sys_updated_on><sys_user/><type/></sys_ui_element><sys_ui_element action="INSERT_OR_UPDATE"><element>u_user</element><position>2</position><sys_created_by>chuck.tomasi</sys_created_by><sys_created_on>2020-06-15 17:21:56</sys_created_on><sys_id>dd38826bdb591410d5cc61ca0b96191b</sys_id><sys_mod_count>0</sys_mod_count><sys_ui_formatter/><sys_ui_section caption="NULL" display_value="" name="u_print_log" sys_domain="global" view="Default view">d938826bdb591410d5cc61ca0b961913</sys_ui_section><sys_updated_by>chuck.tomasi</sys_updated_by><sys_updated_on>2020-06-15 17:21:56</sys_updated_on><sys_user/><type/></sys_ui_element><sys_ui_element action="INSERT_OR_UPDATE"><element>u_url</element><position>3</position><sys_created_by>chuck.tomasi</sys_created_by><sys_created_on>2020-06-15 17:21:56</sys_created_on><sys_id>5538826bdb591410d5cc61ca0b96191c</sys_id><sys_mod_count>0</sys_mod_count><sys_ui_formatter/><sys_ui_section caption="NULL" display_value="" name="u_print_log" sys_domain="global" view="Default view">d938826bdb591410d5cc61ca0b961913</sys_ui_section><sys_updated_by>chuck.tomasi</sys_updated_by><sys_updated_on>2020-06-15 17:21:56</sys_updated_on><sys_user/><type/></sys_ui_element><sys_ui_element action="INSERT_OR_UPDATE"><element>u_type</element><position>4</position><sys_created_by>chuck.tomasi</sys_created_by><sys_created_on>2020-06-15 17:21:56</sys_created_on><sys_id>d938826bdb591410d5cc61ca0b96191c</sys_id><sys_mod_count>0</sys_mod_count><sys_ui_formatter/><sys_ui_section caption="NULL" display_value="" name="u_print_log" sys_domain="global" view="Default view">d938826bdb591410d5cc61ca0b961913</sys_ui_section><sys_updated_by>chuck.tomasi</sys_updated_by><sys_updated_on>2020-06-15 17:21:56</sys_updated_on><sys_user/><type/></sys_ui_element><sys_ui_section action="INSERT_OR_UPDATE"><caption/><header>false</header><name>u_print_log</name><roles/><sys_class_name>sys_ui_section</sys_class_name><sys_created_by>chuck.tomasi</sys_created_by><sys_created_on>2020-06-15 17:21:56</sys_created_on><sys_domain>global</sys_domain><sys_domain_path>/</sys_domain_path><sys_id>d938826bdb591410d5cc61ca0b961913</sys_id><sys_mod_count>0</sys_mod_count><sys_name>u_print_log</sys_name><sys_overrides/><sys_package display_value="Global" source="global">global</sys_package><sys_policy/><sys_scope display_value="Global">global</sys_scope><sys_update_name>sys_ui_section_d938826bdb591410d5cc61ca0b961913</sys_update_name><sys_updated_by>chuck.tomasi</sys_updated_by><sys_updated_on>2020-06-15 17:21:56</sys_updated_on><sys_user/><title>true</title><view display_value="Default view" name="NULL">Default view</view><view_name/></sys_ui_section></sys_ui_section></record_update>]]></payload>
<payload_hash>1086245774</payload_hash>
<remote_update_set display_value="Print Logger v1.0">1f7b4aebdb591410d5cc61ca0b961927</remote_update_set>
<replace_on_upgrade>false</replace_on_upgrade>
<sys_created_by>chuck.tomasi</sys_created_by>
<sys_created_on>2020-06-15 17:36:16</sys_created_on>
<sys_id>af7b022fdb591410d5cc61ca0b9619ff</sys_id>
<sys_mod_count>0</sys_mod_count>
<sys_recorded_at>172b9007c920000001</sys_recorded_at>
<sys_updated_by>chuck.tomasi</sys_updated_by>
<sys_updated_on>2020-06-15 17:36:16</sys_updated_on>
<table>u_print_log</table>
<target_name>Print log</target_name>
<type>Form Layout</type>
<update_domain>global</update_domain>
<update_guid>1938866bd9591410bb4d093bfef6b1d4</update_guid>
<update_guid_history>1938866bd9591410bb4d093bfef6b1d4:1086245774,d138826b465914108aace4d901a4ba17:-1213129584</update_guid_history>
<update_set display_value=""/>
<view/>
</sys_update_xml>
<sys_update_xml action="INSERT_OR_UPDATE">
<action>INSERT_OR_UPDATE</action>
<application display_value="Global">global</application>
<category>customer</category>
<comments/>
<name>sys_dictionary_u_print_log_u_url</name>
<payload>&lt;?xml version="1.0" encoding="UTF-8"?&gt;&lt;record_update&gt;&lt;sys_dictionary action="INSERT_OR_UPDATE" element="u_url" table="u_print_log"&gt;&lt;active&gt;true&lt;/active&gt;&lt;array&gt;false&lt;/array&gt;&lt;array_denormalized&gt;false&lt;/array_denormalized&gt;&lt;attributes/&gt;&lt;audit&gt;false&lt;/audit&gt;&lt;calculation&gt;&lt;![CDATA[(function calculatedFieldValue(current) {

	// Add your code here
	return '';  // return the calculated value

})(current);]]&gt;&lt;/calculation&gt;&lt;choice/&gt;&lt;choice_field/&gt;&lt;choice_table/&gt;&lt;column_label&gt;URL&lt;/column_label&gt;&lt;comments/&gt;&lt;create_roles/&gt;&lt;default_value/&gt;&lt;defaultsort/&gt;&lt;delete_roles/&gt;&lt;dependent/&gt;&lt;dependent_on_field/&gt;&lt;display&gt;false&lt;/display&gt;&lt;dynamic_creation&gt;false&lt;/dynamic_creation&gt;&lt;dynamic_creation_script/&gt;&lt;dynamic_default_value/&gt;&lt;dynamic_ref_qual/&gt;&lt;element&gt;u_url&lt;/element&gt;&lt;element_reference&gt;false&lt;/element_reference&gt;&lt;foreign_database/&gt;&lt;function_definition/&gt;&lt;function_field&gt;false&lt;/function_field&gt;&lt;internal_type display_value="String"&gt;string&lt;/internal_type&gt;&lt;mandatory&gt;false&lt;/mandatory&gt;&lt;max_length&gt;4000&lt;/max_length&gt;&lt;name&gt;u_print_log&lt;/name&gt;&lt;next_element/&gt;&lt;primary&gt;false&lt;/primary&gt;&lt;read_only&gt;false&lt;/read_only&gt;&lt;read_roles/&gt;&lt;reference/&gt;&lt;reference_cascade_rule/&gt;&lt;reference_floats&gt;false&lt;/reference_floats&gt;&lt;reference_key/&gt;&lt;reference_qual/&gt;&lt;reference_qual_condition/&gt;&lt;reference_type/&gt;&lt;sizeclass/&gt;&lt;spell_check&gt;false&lt;/spell_check&gt;&lt;staged&gt;false&lt;/staged&gt;&lt;sys_class_name&gt;sys_dictionary&lt;/sys_class_name&gt;&lt;sys_created_by&gt;chuck.tomasi&lt;/sys_created_by&gt;&lt;sys_created_on&gt;2020-06-15 17:20:10&lt;/sys_created_on&gt;&lt;sys_id&gt;66a7c6e7db591410d5cc61ca0b96191a&lt;/sys_id&gt;&lt;sys_mod_count&gt;0&lt;/sys_mod_count&gt;&lt;sys_name&gt;URL&lt;/sys_name&gt;&lt;sys_package display_value="Global" source="global"&gt;global&lt;/sys_package&gt;&lt;sys_policy/&gt;&lt;sys_scope display_value="Global"&gt;global&lt;/sys_scope&gt;&lt;sys_update_name&gt;sys_dictionary_u_print_log_u_url&lt;/sys_update_name&gt;&lt;sys_updated_by&gt;chuck.tomasi&lt;/sys_updated_by&gt;&lt;sys_updated_on&gt;2020-06-15 17:20:10&lt;/sys_updated_on&gt;&lt;table_reference&gt;false&lt;/table_reference&gt;&lt;text_index&gt;false&lt;/text_index&gt;&lt;unique&gt;false&lt;/unique&gt;&lt;use_dependent_field&gt;false&lt;/use_dependent_field&gt;&lt;use_dynamic_default&gt;false&lt;/use_dynamic_default&gt;&lt;use_reference_qualifier&gt;simple&lt;/use_reference_qualifier&gt;&lt;virtual&gt;false&lt;/virtual&gt;&lt;widget/&gt;&lt;write_roles/&gt;&lt;xml_view&gt;false&lt;/xml_view&gt;&lt;/sys_dictionary&gt;&lt;/record_update&gt;</payload>
<payload_hash>-1006236331</payload_hash>
<remote_update_set display_value="Print Logger v1.0">1f7b4aebdb591410d5cc61ca0b961927</remote_update_set>
<replace_on_upgrade>false</replace_on_upgrade>
<sys_created_by>chuck.tomasi</sys_created_by>
<sys_created_on>2020-06-15 17:36:16</sys_created_on>
<sys_id>af7b4aebdb591410d5cc61ca0b961929</sys_id>
<sys_mod_count>0</sys_mod_count>
<sys_recorded_at>172b8fedf7d0000001</sys_recorded_at>
<sys_updated_by>chuck.tomasi</sys_updated_by>
<sys_updated_on>2020-06-15 17:36:16</sys_updated_on>
<table>u_print_log</table>
<target_name>u_print_log.u_url</target_name>
<type>Dictionary</type>
<update_domain>global</update_domain>
<update_guid>23c7026bd75914103037835dd0e3dfd7</update_guid>
<update_guid_history>23c7026bd75914103037835dd0e3dfd7:-1006236331</update_guid_history>
<update_set display_value=""/>
<view/>
</sys_update_xml>
<sys_update_xml action="INSERT_OR_UPDATE">
<action>INSERT_OR_UPDATE</action>
<application display_value="Global">global</application>
<category>customer</category>
<comments/>
<name>sys_security_acl_role_f7c7426bdb591410d5cc61ca0b961904</name>
<payload><![CDATA[<?xml version="1.0" encoding="UTF-8"?><record_update table="sys_security_acl_role"><sys_security_acl_role action="INSERT_OR_UPDATE"><sys_class_name>sys_security_acl_role</sys_class_name><sys_created_by>chuck.tomasi</sys_created_by><sys_created_on>2020-06-15 17:20:11</sys_created_on><sys_id>f7c7426bdb591410d5cc61ca0b961904</sys_id><sys_mod_count>0</sys_mod_count><sys_name>u_print_log.admin</sys_name><sys_package display_value="Global" source="global">global</sys_package><sys_policy/><sys_scope display_value="Global">global</sys_scope><sys_security_acl display_value="u_print_log">6bc7026bdb591410d5cc61ca0b9619e6</sys_security_acl><sys_update_name>sys_security_acl_role_f7c7426bdb591410d5cc61ca0b961904</sys_update_name><sys_updated_by>chuck.tomasi</sys_updated_by><sys_updated_on>2020-06-15 17:20:11</sys_updated_on><sys_user_role display_value="admin" name="admin">2831a114c611228501d4ea6c309d626d</sys_user_role><transaction_id/></sys_security_acl_role></record_update>]]></payload>
<payload_hash>1972376128</payload_hash>
<remote_update_set display_value="Print Logger v1.0">1f7b4aebdb591410d5cc61ca0b961927</remote_update_set>
<replace_on_upgrade>false</replace_on_upgrade>
<sys_created_by>chuck.tomasi</sys_created_by>
<sys_created_on>2020-06-15 17:36:16</sys_created_on>
<sys_id>af7b4aebdb591410d5cc61ca0b96192c</sys_id>
<sys_mod_count>0</sys_mod_count>
<sys_recorded_at>172b8fee18d0000001</sys_recorded_at>
<sys_updated_by>chuck.tomasi</sys_updated_by>
<sys_updated_on>2020-06-15 17:36:16</sys_updated_on>
<table>u_print_log</table>
<target_name>u_print_log.admin</target_name>
<type>Access Roles</type>
<update_domain>global</update_domain>
<update_guid>b7c7426b1e5914105e9b3562dbfaf108</update_guid>
<update_guid_history>b7c7426b1e5914105e9b3562dbfaf108:1972376128</update_guid_history>
<update_set display_value=""/>
<view/>
</sys_update_xml>
<sys_update_xml action="INSERT_OR_UPDATE">
<action>INSERT_OR_UPDATE</action>
<application display_value="Global">global</application>
<category>customer</category>
<comments/>
<name>sys_documentation_u_print_log__en</name>
<payload><![CDATA[<?xml version="1.0" encoding="UTF-8"?><record_update><sys_documentation element="" label="Print log" language="en" table="u_print_log"><sys_documentation action="INSERT_OR_UPDATE"><element/><help/><hint/><label>Print log</label><language>en</language><name>u_print_log</name><plural>Print logs</plural><sys_class_name>sys_documentation</sys_class_name><sys_created_by>chuck.tomasi</sys_created_by><sys_created_on>2020-06-15 17:20:11</sys_created_on><sys_id>37c7426bdb591410d5cc61ca0b96192a</sys_id><sys_mod_count>0</sys_mod_count><sys_name>Print log</sys_name><sys_package display_value="Global" source="global">global</sys_package><sys_policy/><sys_scope display_value="Global">global</sys_scope><sys_update_name>sys_documentation_u_print_log__en</sys_update_name><sys_updated_by>chuck.tomasi</sys_updated_by><sys_updated_on>2020-06-15 17:20:11</sys_updated_on><url/><url_target/></sys_documentation></sys_documentation></record_update>]]></payload>
<payload_hash>-1457385533</payload_hash>
<remote_update_set display_value="Print Logger v1.0">1f7b4aebdb591410d5cc61ca0b961927</remote_update_set>
<replace_on_upgrade>false</replace_on_upgrade>
<sys_created_by>chuck.tomasi</sys_created_by>
<sys_created_on>2020-06-15 17:36:16</sys_created_on>
<sys_id>e37b4aebdb591410d5cc61ca0b96192b</sys_id>
<sys_mod_count>0</sys_mod_count>
<sys_recorded_at>172b8fee5170000001</sys_recorded_at>
<sys_updated_by>chuck.tomasi</sys_updated_by>
<sys_updated_on>2020-06-15 17:36:16</sys_updated_on>
<table>u_print_log</table>
<target_name>Print log</target_name>
<type>Field Label</type>
<update_domain>global</update_domain>
<update_guid>0cd7426bb859141044a37768d487e33f</update_guid>
<update_guid_history>0cd7426bb859141044a37768d487e33f:-1457385533</update_guid_history>
<update_set display_value=""/>
<view/>
</sys_update_xml>
<sys_update_xml action="INSERT_OR_UPDATE">
<action>INSERT_OR_UPDATE</action>
<application display_value="Global">global</application>
<category>customer</category>
<comments/>
<name>sys_documentation_u_print_log_u_table_en</name>
<payload><![CDATA[<?xml version="1.0" encoding="UTF-8"?><record_update><sys_documentation element="u_table" label="Table" language="en" table="u_print_log"><sys_documentation action="INSERT_OR_UPDATE"><element>u_table</element><help/><hint/><label>Table</label><language>en</language><name>u_print_log</name><plural>Tables</plural><sys_class_name>sys_documentation</sys_class_name><sys_created_by>chuck.tomasi</sys_created_by><sys_created_on>2020-06-15 17:20:11</sys_created_on><sys_id>bbc7426bdb591410d5cc61ca0b96192c</sys_id><sys_mod_count>0</sys_mod_count><sys_name>Table</sys_name><sys_package display_value="Global" source="global">global</sys_package><sys_policy/><sys_scope display_value="Global">global</sys_scope><sys_update_name>sys_documentation_u_print_log_u_table_en</sys_update_name><sys_updated_by>chuck.tomasi</sys_updated_by><sys_updated_on>2020-06-15 17:20:11</sys_updated_on><url/><url_target/></sys_documentation></sys_documentation></record_update>]]></payload>
<payload_hash>226991997</payload_hash>
<remote_update_set display_value="Print Logger v1.0">1f7b4aebdb591410d5cc61ca0b961927</remote_update_set>
<replace_on_upgrade>false</replace_on_upgrade>
<sys_created_by>chuck.tomasi</sys_created_by>
<sys_created_on>2020-06-15 17:36:16</sys_created_on>
<sys_id>e77b4aebdb591410d5cc61ca0b96192a</sys_id>
<sys_mod_count>0</sys_mod_count>
<sys_recorded_at>172b8fee5550000001</sys_recorded_at>
<sys_updated_by>chuck.tomasi</sys_updated_by>
<sys_updated_on>2020-06-15 17:36:16</sys_updated_on>
<table>u_print_log</table>
<target_name>Print log.Table</target_name>
<type>Field Label</type>
<update_domain>global</update_domain>
<update_guid>00d7426b775914101ae7e2f3161a4142</update_guid>
<update_guid_history>00d7426b775914101ae7e2f3161a4142:226991997</update_guid_history>
<update_set display_value=""/>
<view/>
</sys_update_xml>
<sys_update_xml action="INSERT_OR_UPDATE">
<action>INSERT_OR_UPDATE</action>
<application display_value="Global">global</application>
<category>customer</category>
<comments/>
<name>sys_dictionary_u_print_log_u_type</name>
<payload>&lt;?xml version="1.0" encoding="UTF-8"?&gt;&lt;record_update&gt;&lt;sys_dictionary action="INSERT_OR_UPDATE" element="u_type" table="u_print_log"&gt;&lt;active&gt;true&lt;/active&gt;&lt;array&gt;false&lt;/array&gt;&lt;array_denormalized&gt;false&lt;/array_denormalized&gt;&lt;attributes/&gt;&lt;audit&gt;false&lt;/audit&gt;&lt;calculation&gt;&lt;![CDATA[(function calculatedFieldValue(current) {

	// Add your code here
	return '';  // return the calculated value

})(current);]]&gt;&lt;/calculation&gt;&lt;choice/&gt;&lt;choice_field/&gt;&lt;choice_table/&gt;&lt;column_label&gt;Type&lt;/column_label&gt;&lt;comments/&gt;&lt;create_roles/&gt;&lt;default_value/&gt;&lt;defaultsort/&gt;&lt;delete_roles/&gt;&lt;dependent/&gt;&lt;dependent_on_field/&gt;&lt;display&gt;false&lt;/display&gt;&lt;dynamic_creation&gt;false&lt;/dynamic_creation&gt;&lt;dynamic_creation_script/&gt;&lt;dynamic_default_value/&gt;&lt;dynamic_ref_qual/&gt;&lt;element&gt;u_type&lt;/element&gt;&lt;element_reference&gt;false&lt;/element_reference&gt;&lt;foreign_database/&gt;&lt;function_definition/&gt;&lt;function_field&gt;false&lt;/function_field&gt;&lt;internal_type display_value="String"&gt;string&lt;/internal_type&gt;&lt;mandatory&gt;false&lt;/mandatory&gt;&lt;max_length&gt;40&lt;/max_length&gt;&lt;name&gt;u_print_log&lt;/name&gt;&lt;next_element/&gt;&lt;primary&gt;false&lt;/primary&gt;&lt;read_only&gt;false&lt;/read_only&gt;&lt;read_roles/&gt;&lt;reference/&gt;&lt;reference_cascade_rule/&gt;&lt;reference_floats&gt;false&lt;/reference_floats&gt;&lt;reference_key/&gt;&lt;reference_qual/&gt;&lt;reference_qual_condition/&gt;&lt;reference_type/&gt;&lt;sizeclass/&gt;&lt;spell_check&gt;false&lt;/spell_check&gt;&lt;staged&gt;false&lt;/staged&gt;&lt;sys_class_name&gt;sys_dictionary&lt;/sys_class_name&gt;&lt;sys_created_by&gt;chuck.tomasi&lt;/sys_created_by&gt;&lt;sys_created_on&gt;2020-06-15 17:20:54&lt;/sys_created_on&gt;&lt;sys_id&gt;1fe7c26bdb591410d5cc61ca0b961976&lt;/sys_id&gt;&lt;sys_mod_count&gt;0&lt;/sys_mod_count&gt;&lt;sys_name&gt;Type&lt;/sys_name&gt;&lt;sys_package display_value="Global" source="global"&gt;global&lt;/sys_package&gt;&lt;sys_policy/&gt;&lt;sys_scope display_value="Global"&gt;global&lt;/sys_scope&gt;&lt;sys_update_name&gt;sys_dictionary_u_print_log_u_type&lt;/sys_update_name&gt;&lt;sys_updated_by&gt;chuck.tomasi&lt;/sys_updated_by&gt;&lt;sys_updated_on&gt;2020-06-15 17:20:54&lt;/sys_updated_on&gt;&lt;table_reference&gt;false&lt;/table_reference&gt;&lt;text_index&gt;false&lt;/text_index&gt;&lt;unique&gt;false&lt;/unique&gt;&lt;use_dependent_field&gt;false&lt;/use_dependent_field&gt;&lt;use_dynamic_default&gt;false&lt;/use_dynamic_default&gt;&lt;use_reference_qualifier&gt;simple&lt;/use_reference_qualifier&gt;&lt;virtual&gt;false&lt;/virtual&gt;&lt;widget/&gt;&lt;write_roles/&gt;&lt;xml_view&gt;false&lt;/xml_view&gt;&lt;/sys_dictionary&gt;&lt;/record_update&gt;</payload>
<payload_hash>-984614969</payload_hash>
<remote_update_set display_value="Print Logger v1.0">1f7b4aebdb591410d5cc61ca0b961927</remote_update_set>
<replace_on_upgrade>false</replace_on_upgrade>
<sys_created_by>chuck.tomasi</sys_created_by>
<sys_created_on>2020-06-15 17:36:16</sys_created_on>
<sys_id>eb7b4aebdb591410d5cc61ca0b961929</sys_id>
<sys_mod_count>0</sys_mod_count>
<sys_recorded_at>172b8ff8ca30000001</sys_recorded_at>
<sys_updated_by>chuck.tomasi</sys_updated_by>
<sys_updated_on>2020-06-15 17:36:16</sys_updated_on>
<table>u_print_log</table>
<target_name>Print log.Type</target_name>
<type>Dictionary</type>
<update_domain>global</update_domain>
<update_guid>96f7066bef5914103fdda7b0ce412e0f</update_guid>
<update_guid_history>96f7066bef5914103fdda7b0ce412e0f:-984614969,9af7066bbd5914104d2109e8c5a31205:-984614969</update_guid_history>
<update_set display_value=""/>
<view/>
</sys_update_xml>
<sys_update_xml action="INSERT_OR_UPDATE">
<action>INSERT_OR_UPDATE</action>
<application display_value="Global">global</application>
<category>customer</category>
<comments/>
<name>sys_security_acl_role_3fc7426bdb591410d5cc61ca0b961915</name>
<payload><![CDATA[<?xml version="1.0" encoding="UTF-8"?><record_update table="sys_security_acl_role"><sys_security_acl_role action="INSERT_OR_UPDATE"><sys_class_name>sys_security_acl_role</sys_class_name><sys_created_by>chuck.tomasi</sys_created_by><sys_created_on>2020-06-15 17:20:11</sys_created_on><sys_id>3fc7426bdb591410d5cc61ca0b961915</sys_id><sys_mod_count>0</sys_mod_count><sys_name>u_print_log.admin</sys_name><sys_package display_value="Global" source="global">global</sys_package><sys_policy/><sys_scope display_value="Global">global</sys_scope><sys_security_acl display_value="u_print_log">7bc7426bdb591410d5cc61ca0b961911</sys_security_acl><sys_update_name>sys_security_acl_role_3fc7426bdb591410d5cc61ca0b961915</sys_update_name><sys_updated_by>chuck.tomasi</sys_updated_by><sys_updated_on>2020-06-15 17:20:11</sys_updated_on><sys_user_role display_value="admin" name="admin">2831a114c611228501d4ea6c309d626d</sys_user_role><transaction_id/></sys_security_acl_role></record_update>]]></payload>
<payload_hash>1181157322</payload_hash>
<remote_update_set display_value="Print Logger v1.0">1f7b4aebdb591410d5cc61ca0b961927</remote_update_set>
<replace_on_upgrade>false</replace_on_upgrade>
<sys_created_by>chuck.tomasi</sys_created_by>
<sys_created_on>2020-06-15 17:36:16</sys_created_on>
<sys_id>eb7b4aebdb591410d5cc61ca0b96192c</sys_id>
<sys_mod_count>0</sys_mod_count>
<sys_recorded_at>172b8fee26c0000001</sys_recorded_at>
<sys_updated_by>chuck.tomasi</sys_updated_by>
<sys_updated_on>2020-06-15 17:36:16</sys_updated_on>
<table>u_print_log</table>
<target_name>u_print_log.admin</target_name>
<type>Access Roles</type>
<update_domain>global</update_domain>
<update_guid>ffc7426bd759141099a977698cf0f218</update_guid>
<update_guid_history>ffc7426bd759141099a977698cf0f218:1181157322</update_guid_history>
<update_set display_value=""/>
<view/>
</sys_update_xml>
<sys_update_xml action="INSERT_OR_UPDATE">
<action>INSERT_OR_UPDATE</action>
<application display_value="Global">global</application>
<category>customer</category>
<comments/>
<name>sys_db_object_18874e2bdb591410d5cc61ca0b9619ab</name>
<payload><![CDATA[<?xml version="1.0" encoding="UTF-8"?><record_update table="sys_db_object"><sys_db_object action="INSERT_OR_UPDATE"><access>public</access><actions_access>false</actions_access><alter_access>false</alter_access><caller_access/><client_scripts_access>false</client_scripts_access><configuration_access>false</configuration_access><create_access>false</create_access><create_access_controls>true</create_access_controls><delete_access>false</delete_access><extension_model/><is_extendable>false</is_extendable><label>Print log</label><live_feed_enabled>false</live_feed_enabled><name>u_print_log</name><number_ref display_value="PLOG">c0d7426bdb591410d5cc61ca0b961945</number_ref><provider_class/><read_access>true</read_access><scriptable_table>false</scriptable_table><super_class/><sys_class_code/><sys_class_name>sys_db_object</sys_class_name><sys_class_path/><sys_created_by>chuck.tomasi</sys_created_by><sys_created_on>2020-06-15 17:20:10</sys_created_on><sys_id>18874e2bdb591410d5cc61ca0b9619ab</sys_id><sys_mod_count>2</sys_mod_count><sys_name>Print log</sys_name><sys_package display_value="Global" source="global">global</sys_package><sys_policy/><sys_scope display_value="Global">global</sys_scope><sys_update_name>sys_db_object_18874e2bdb591410d5cc61ca0b9619ab</sys_update_name><sys_updated_by>chuck.tomasi</sys_updated_by><sys_updated_on>2020-06-15 17:20:54</sys_updated_on><update_access>false</update_access><user_role display_value="admin" name="admin">2831a114c611228501d4ea6c309d626d</user_role><ws_access>true</ws_access></sys_db_object></record_update>]]></payload>
<payload_hash>-596298560</payload_hash>
<remote_update_set display_value="Print Logger v1.0">1f7b4aebdb591410d5cc61ca0b961927</remote_update_set>
<replace_on_upgrade>false</replace_on_upgrade>
<sys_created_by>chuck.tomasi</sys_created_by>
<sys_created_on>2020-06-15 17:36:16</sys_created_on>
<sys_id>ef7b4aebdb591410d5cc61ca0b961928</sys_id>
<sys_mod_count>0</sys_mod_count>
<sys_recorded_at>172b8ff8d320000001</sys_recorded_at>
<sys_updated_by>chuck.tomasi</sys_updated_by>
<sys_updated_on>2020-06-15 17:36:16</sys_updated_on>
<table>u_print_log</table>
<target_name>Print log</target_name>
<type>Table</type>
<update_domain>global</update_domain>
<update_guid>e2f7066be059141013590059d01df916</update_guid>
<update_guid_history>e2f7066be059141013590059d01df916:-596298560,84d7426b7c591410a149cd737168244a:780945600,04d7426bba591410f22a43be3d982c44:1507537968</update_guid_history>
<update_set display_value=""/>
<view/>
</sys_update_xml>
<sys_update_xml action="INSERT_OR_UPDATE">
<action>INSERT_OR_UPDATE</action>
<application display_value="Global">global</application>
<category>customer</category>
<comments/>
<name>sys_security_acl_7bc7426bdb591410d5cc61ca0b961911</name>
<payload><![CDATA[<?xml version="1.0" encoding="UTF-8"?><record_update table="sys_security_acl"><sys_security_acl action="INSERT_OR_UPDATE"><active>true</active><admin_overrides>true</admin_overrides><advanced>false</advanced><condition/><description>Default access control on u_print_log</description><name>u_print_log</name><operation display_value="write">write</operation><script/><sys_class_name>sys_security_acl</sys_class_name><sys_created_by>chuck.tomasi</sys_created_by><sys_created_on>2020-06-15 17:20:11</sys_created_on><sys_id>7bc7426bdb591410d5cc61ca0b961911</sys_id><sys_mod_count>0</sys_mod_count><sys_name>u_print_log</sys_name><sys_package display_value="Global" source="global">global</sys_package><sys_policy/><sys_scope display_value="Global">global</sys_scope><sys_update_name>sys_security_acl_7bc7426bdb591410d5cc61ca0b961911</sys_update_name><sys_updated_by>chuck.tomasi</sys_updated_by><sys_updated_on>2020-06-15 17:20:11</sys_updated_on><type display_value="record">record</type></sys_security_acl></record_update>]]></payload>
<payload_hash>784254836</payload_hash>
<remote_update_set display_value="Print Logger v1.0">1f7b4aebdb591410d5cc61ca0b961927</remote_update_set>
<replace_on_upgrade>false</replace_on_upgrade>
<sys_created_by>chuck.tomasi</sys_created_by>
<sys_created_on>2020-06-15 17:36:16</sys_created_on>
<sys_id>ef7b4aebdb591410d5cc61ca0b96192b</sys_id>
<sys_mod_count>0</sys_mod_count>
<sys_recorded_at>172b8fee2290000001</sys_recorded_at>
<sys_updated_by>chuck.tomasi</sys_updated_by>
<sys_updated_on>2020-06-15 17:36:16</sys_updated_on>
<table>u_print_log</table>
<target_name>u_print_log</target_name>
<type>Access Control</type>
<update_domain>global</update_domain>
<update_guid>bfc7426bdd591410144e115433595014</update_guid>
<update_guid_history>bfc7426bdd591410144e115433595014:784254836</update_guid_history>
<update_set display_value=""/>
<view/>
</sys_update_xml>
</unload>
